<configuration>
    <conversionRule conversionWord="clr" converterClass="org.springframework.boot.logging.logback.ColorConverter"/>
    <conversionRule conversionWord="wex" converterClass="org.springframework.boot.logging.logback.WhitespaceThrowableProxyConverter"/>
    <conversionRule conversionWord="wEx" converterClass="org.springframework.boot.logging.logback.ExtendedWhitespaceThrowableProxyConverter"/>

    <appender name="STDOUT" class="ch.qos.logback.core.ConsoleAppender">
        <encoder>
            <!-- 색상 추가 -->
            <pattern>%clr(%d{yyyyMMdd HH:mm:ss.SSS}){faint} %clr([%thread]){faint} %clr(%-5level) %clr(%logger{5}){cyan} - %clr(%msg){blue} %n</pattern>
        </encoder>
    </appender>

    <!-- JDBC 로깅 설정 -->
    <logger name="jdbc" level="OFF"/>
    <logger name="jdbc.sqlonly" level="DEBUG"/>
    <logger name="jdbc.sqltiming" level="OFF"/>
    <logger name="jdbc.audit" level="OFF"/>
    <logger name="jdbc.resultset" level="OFF"/>
    <logger name="jdbc.resultsettable" level="DEBUG"/>
    <logger name="jdbc.connection" level="OFF"/>

    <root level="INFO">
        <appender-ref ref="STDOUT" />
    </root>
</configuration>
